{"cameraMode":{"drawMode":0,"name":"Shaded","section":"Shading Mode"},"sceneLighting":true,"audioPlay":false,"sceneViewState":{"showFog":true,"showMaterialUpdate":false,"showSkybox":true,"showFlares":true,"showImageEffects":true,"showParticleSystems":true,"showVisualEffectGraphs":true,"m_FxEnabled":true},"in2DMode":false,"pivot":{"x":10.189947128295899,"y":-1.4210872650146485,"z":-21.473915100097658},"rotation":{"x":-0.12799900770187379,"y":0.7965714931488037,"z":-0.18131807446479798,"w":-0.5623289942741394},"size":17.454946517944337,"orthographic":false}